Workbook

Sheet Aeroportos
A1: ICAO | B1: NOME | C1: CIDADE | D1: ESTADO | E1: DEMANDA (M^3) | F1: Latitude | G1: Longitude | H1: State
A2: SBGR | B2: Guarulhos - Governador André Franco Montoro | C2: Guarulhos | D2: SP | E2: 1787180.9 | F2: -23.4356 | G2: -46.4731 | H2: SÃ£o Paulo
A3: SBGL | B3: RIo de Janeiro/Galeão - Antônio Carlos Jobim | C3: Rio de Janeiro | D3: RJ | E3: 817393.42 | F3: -22.8089 | G3: -43.2436 | H3: Rio de Janeiro
A4: SBKP | B4: Viracopos | C4: Campinas | D4: SP | E4: 408389.58 | F4: -23.0074 | G4: -47.1344 | H4: SÃ£o Paulo
A5: SBBR | B5: Presidente Juscelino Kubitschek | C5: Brasilia | D5: DF | E5: 340540.24 | F5: -15.8711 | G5: -47.9186 | H5: Distrito Federal
A6: SBRF | B6: Guararapes - Gilberto Freyre Internacional | C6: Recife | D6: PE | E6: 231737.04 | F6: -8.1265 | G6: -34.9236 | H6: Pernambuco
A7: SBFZ | B7: Pinto Martins | C7: Fortaleza | D7: CE | E7: 147995.07 | F7: -3.7763 | G7: -38.5326 | H7: CearÃ¡
A8: SBSV | B8: Deputado Luis Eduardo Magalhães-Intl | C8: Salvador | D8: BA | E8: 133951.73 | F8: -12.9086 | G8: -38.3225 | H8: Bahia
A9: SBPA | B9: Salgado Filho | C9: Porto Alegre | D9: RS | E9: 119304.72 | F9: -29.9939 | G9: -51.1714 | H9: Rio Grande do Sul
A10: SBGO | B10: Santa Genoveva | C10: Goiania | D10: GO | E10: 59551.965 | F10: -16.632 | G10: -49.2207 | H10: GoiÃ¡s
A11: SBCF | B11: Tancredo Neves | C11: Confins | D11: MG | E11: 39612.407 | F11: -19.6244 | G11: -43.9719 | H11: Minas Gerais
A12: SBFL | B12: Hercílio Luz | C12: Florianopolis | D12: SC | E12: 36027.785 | F12: -27.6706 | G12: -48.5525 | H12: Santa Catarina
A13: SBSL | B13: Marechal Cunha Machado Internacional | C13: Sao Luis | D13: MA | E13: 33273.627 | F13: -2.5854 | G13: -44.2341 | H13: MaranhÃ£o
... A30: SBCG | B30: Campo Grande Internacional | C30: Campo Grande | D30: MS | E30: 14.449 | F30: -20.4687 | G30: -54.6725 | H30: Mato Grosso do Sul

Sheet ABC Demanda
B2: Aeroporto | C2: Demanda | D2: % Individual | E2: % Acumulada
B3: =Aeroportos!C2 -> Guarulhos | C3: =Aeroportos!E2 -> 1787180.9 | D3: =C3/$C$40 -> #REF! | E3: ='ABC Demanda'!$D3 -> #REF!
B4: =Aeroportos!C6 -> Recife | C4: =Aeroportos!E6 -> 231737.04 | D4: =C4/$C$40 -> #REF! | E4: =D4+E3 -> #REF!
B5: =Aeroportos!C5 -> Brasilia | C5: =Aeroportos!E5 -> 340540.24 | D5: =C5/$C$40 -> #REF! | E5: =D5+E4 -> #REF!
B6: =Aeroportos!C3 -> Rio de Janeiro | C6: =Aeroportos!E3 -> 817393.42 | D6: =C6/$C$40 -> #REF! | E6: =D6+E5 -> #REF!
B7: =Aeroportos!C7 -> Fortaleza | C7: =Aeroportos!E7 -> 147995.07 | D7: =C7/$C$40 -> #REF! | E7: =D7+E6 -> #REF!
B8: =Aeroportos!C11 -> Confins | C8: =Aeroportos!E11 -> 39612.407 | D8: =C8/$C$40 -> #REF! | E8: =D8+E7 -> #REF!
B9: =Aeroportos!C8 -> Salvador | C9: =Aeroportos!E8 -> 133951.73 | D9: =C9/$C$40 -> #REF! | E9: =D9+E8 -> #REF!
B10: =Aeroportos!C9 -> Porto Alegre | C10: =Aeroportos!E9 -> 119304.72 | D10: =C10/$C$40 -> #REF! | E10: =D10+E9 -> #REF!
B11: =Aeroportos!#REF! -> #REF! | C11: =Aeroportos!#REF! -> #REF! | D11: =C11/$C$40 -> #REF! | E11: =D11+E10 -> #REF!
B12: =Aeroportos!#REF! -> #REF! | C12: =Aeroportos!#REF! -> #REF! | D12: =C12/$C$40 -> #REF! | E12: =D12+E11 -> #REF!
B13: =Aeroportos!C15 -> Aracaju | C13: =Aeroportos!E15 -> 21832.221 | D13: =C13/$C$40 -> #REF! | E13: =D13+E12 -> #REF!
B14: =Aeroportos!C4 -> Campinas | C14: =Aeroportos!E4 -> 408389.58 | D14: =C14/$C$40 -> #REF! | E14: =D14+E13 -> #REF!
B15: =Aeroportos!C10 -> Goiania | C15: =Aeroportos!E10 -> 59551.965 | D15: =C15/$C$40 -> #REF! | E15: =D15+E14 -> #REF!
B16: =Aeroportos!C18 -> Petrolina | C16: =Aeroportos!E18 -> 10564.835 | D16: =C16/$C$40 -> #REF! | E16: =D16+E15 -> #REF!
B17: =Aeroportos!C23 -> Corumba | C17: =Aeroportos!E23 -> 577.662 | D17: =C17/$C$40 -> #REF! | E17: =D17+E16 -> #REF!
B18: =Aeroportos!C20 -> Maceio | C18: =Aeroportos!E20 -> 7913.334 | D18: =C18/$C$40 -> #REF! | E18: =D18+E17 -> #REF!
B19: =Aeroportos!C25 -> Uruguaiana | C19: =Aeroportos!E25 -> 357.982 | D19: =C19/$C$40 -> #REF! | E19: =D19+E18 -> #REF!
B20: =Aeroportos!#REF! -> #REF! | C20: =Aeroportos!#REF! -> #REF! | D20: =C20/$C$40 -> #REF! | E20: =D20+E19 -> #REF!
B21: =Aeroportos!C28 -> Joao Pessoa | C21: =Aeroportos!E28 -> 157.902 | D21: =C21/$C$40 -> #REF! | E21: =D21+E20 -> #REF!
B22: =Aeroportos!C30 -> Campo Grande | C22: =Aeroportos!E30 -> 14.449 | D22: =C22/$C$40 -> #REF! | E22: =D22+E21 -> #REF!
B23: =Aeroportos!C24 -> Pelotas | C23: =Aeroportos!E24 -> 453.398 | D23: =C23/$C$40 -> #REF! | E23: =D23+E22 -> #REF!
B24: =Aeroportos!C17 -> Navegantes | C24: =Aeroportos!E17 -> 15271.186 | D24: =C24/$C$40 -> #REF! | E24: =D24+E23 -> #REF!
B25: =Aeroportos!#REF! -> #REF! | C25: =Aeroportos!#REF! -> #REF! | D25: =C25/$C$40 -> #REF! | E25: =D25+E24 -> #REF!
B26: =Aeroportos!#REF! -> #REF! | C26: =Aeroportos!#REF! -> #REF! | D26: =C26/$C$40 -> #REF! | E26: =D26+E25 -> #REF!
B27: =Aeroportos!C12 -> Florianopolis | C27: =Aeroportos!E12 -> 36027.785 | D27: =C27/$C$40 -> #REF! | E27: =D27+E26 -> #REF!
B28: =Aeroportos!#REF! -> #REF! | C28: =Aeroportos!#REF! -> #REF! | D28: =C28/$C$40 -> #REF! | E28: =D28+E27 -> #REF!
B29: =Aeroportos!C14 -> Vitoria | C29: =Aeroportos!E14 -> 25150.856 | D29: =C29/$C$40 -> #REF! | E29: =D29+E28 -> #REF!
B30: =Aeroportos!C22 -> Cuiaba | C30: =Aeroportos!E22 -> 1567.065 | D30: =C30/$C$40 -> #REF! | E30: =D30+E29 -> #REF!
B31: =Aeroportos!C26 -> Parnaiba | C31: =Aeroportos!E26 -> 191.355 | D31: =C31/$C$40 -> #REF! | E31: =D31+E30 -> #REF!
B32: =Aeroportos!C27 -> Ponta Pora | C32: =Aeroportos!E27 -> 163.319 | D32: =C32/$C$40 -> #REF! | E32: =D32+E31 -> #REF!
B33: =Aeroportos!C19 -> Cabo Frio | C33: =Aeroportos!E19 -> 8305.644 | D33: =C33/$C$40 -> #REF! | E33: =D33+E32 -> #REF!
B34: =Aeroportos!C29 -> Natal | C34: =Aeroportos!E29 -> 56.504 | D34: =C34/$C$40 -> #REF! | E34: =D34+E33 -> #REF!
B35: =Aeroportos!C13 -> Sao Luis | C35: =Aeroportos!E13 -> 33273.627 | D35: =C35/$C$40 -> #REF! | E35: =D35+E34 -> #REF!
B36: =Aeroportos!C16 -> Foz do Iguacu | C36: =Aeroportos!E16 -> 20173.127 | D36: =C36/$C$40 -> #REF! | E36: =D36+E35 -> #REF!
B37: =Aeroportos!C21 -> Curitiba | C37: =Aeroportos!E21 -> 4855.123 | D37: =C37/$C$40 -> #REF! | E37: =D37+E36 -> #REF!
B38: =Aeroportos!#REF! -> #REF! | C38: =Aeroportos!#REF! -> #REF! | D38: =C38/$C$40 -> #REF! | E38: =D38+E37 -> #REF!
B40: Soma | C40: =SUM(C3:C38) -> #REF!
